variant_and_allele,af
rs7868992-<b>G</b>,0.3030216535433071
rs13407215-<b>T</b>,0.024775013234515617
rs2504235-<b>A</b>,0.5343852013057672
rs1906252-<b>C</b>,0.5510102020404081
rs150975336-<b>G</b>,0.034992059290629964
rs4047771-<b>A</b>,0.6985916984328674
rs191044310-<b>T</b>,0.9892006352567496
rs117648881-<b>G</b>,0.984783741532048
rs2708146-<b>A</b>,0.5469108903093703
rs12459560-<b>T</b>,0.1537217679383693
rs10846381-<b>T</b>,0.3607843137254902
rs1619561-<b>C</b>,0.6403091557669441
rs6670211-<b>C</b>,0.4622750757170853
rs147208935-<b>T</b>,0.007252514557967178
rs73205493-<b>T</b>,0.3416844104716533
rs117780640-<b>C</b>,0.9506359781950332
rs1865896-<b>G</b>,0.5444150344097406
rs6445765-<b>C</b>,0.6012705134992059
rs66489957-<b>T</b>,0.7647897362794013
rs72734943-<b>A</b>,0.010269984118581259
rs17137210-<b>C</b>,0.03280114427091387
rs10990268-<b>C</b>,0.13759584212422168
rs5951698-<b>G</b>,0.03072213949430682
rs6539267-<b>T</b>,0.7138977336579884
rs769111-<b>T</b>,0.6277094733849762
rs4886520-<b>C</b>,0.5243268421685299
rs72673503-<b>A</b>,0.07816467174464999
rs66904072-<b>G</b>,0.1367606915377616
rs9393366-<b>A</b>,0.27842123934533114
rs621942-<b>A</b>,0.2439076059959676
rs74772983-<b>A</b>,0.9299629433562732
